[
    {
        "text": "Humbleness is a strength of a leader. When you get in a position of power, it reveals the real you.\n\nTreat people nicely.\n\nEverything is temporary but humility always leaves a legacy.",
        "engagement": 283,
        "line_count": 3,
        "language": "English",
        "tags": [
            "Entrepreneurship",
            "Leadership"
        ]
    },
    {
        "text": "SEO champs, focus on Link Building:\n\n- Get a blog\n- Scale it up by adding value to the readers\n- Sell affiliate products\n- Sell links on existing/new blog posts\n\nA ton of CASH is lying idle in the market for this niche.",
        "engagement": 251,
        "line_count": 6,
        "language": "English",
        "tags": [
            "SEO",
            "Digital Marketing"
        ]
    },
    {
        "text": "As a freelancer, if you want to ace marketplaces, factor in the following\n\n- A good profile is always a winner.\n- Learn communication skills\n- Show multiple skills (master them first)\n- Keep submitting bids/proposals\n- Be first, early submission of proposals or responding quickly to messages helps",
        "engagement": 170,
        "line_count": 6,
        "language": "English",
        "tags": [
            "Freelancing",
            "Communication"
        ]
    },
    {
        "text": "Self-care isn\u2019t selfish, it\u2019s essential.\nTake a moment, recharge, and watch how it uplifts everything else.",
        "engagement": 238,
        "line_count": 2,
        "language": "English",
        "tags": [
            "Self Empowerment",
            "Motivation"
        ]
    },
    {
        "text": "The efforts and energy you spend seeking a new 9 to 5 job opportunity can be well-planned in advance if you equip yourself with tech skills and soft skills.\n\nFor tech skills, see what resonates well with your current job responsibility.\n\nFor soft skills, learn communication skills, 'verbal and written'. This will put you halfway up the track.\n\nYou never know, this combination of skill scould break you free from your current 9 to 5 job.\n\nThink growth,\nThink future,\nThink self-empowerment.\n\nMost importantly,\n\nThink Freedom!",
        "engagement": 454,
        "line_count": 9,
        "language": "English",
        "tags": [
            "Self Empowerment",
            "Communication"
        ]
    },
    {
        "text": "Dear entrepreneurs, and business owners.\n\nAs you expect to be paid on time by your clients, your employees expect the same from you.\n\nTake care of your people. They will take care of you when you need them the most.",
        "engagement": 564,
        "line_count": 3,
        "language": "English",
        "tags": [
            "Entrepreneurship",
            "Business"
        ]
    }
]