[
    {
        "text": "A must-read if you're charting your future in Computer Science!\n\nChoosing the right university is a crucial decision, and no one-size-fits-all approach works here. Each university offers something unique, so consider what aligns with your personal and professional goals in CS.\n\nHere\u2019s a breakdown to help you decide:\n\n\ud83d\udc49 Solid CS Foundations: \nIf you're after a strong technical base, FAST, Punjab University, and UET deliver exceptional core CS education.\n\n\ud83d\udc49 Industry Connections: \nLooking to network with alumni working at global tech giants like Microsoft or Google? FAST and LUMS have well-established connections.\n\n\ud83d\udc49 Passion for Research?: \nLUMS stands out as the top choice for those focused on a research-driven path.\n\n\ud83d\udc49 Study Abroad Opportunities: \nNUST consistently sends students to top universities worldwide for further studies.\n\n\ud83d\udc49 Excellence Beyond the Ordinary: \nIf you aim to push beyond the average, COMSATS and GIKI are perfect for honing top-tier CS skills.\n\nUltimately, it's about what matters most to you\u2014whether it's a robust foundation, strong industry ties, or academic excellence.",
        "engagement": 169,
        "line_count": 17,
        "language": "English",
        "tags": [
            "Education",
            "Success"
        ]
    },
    {
        "text": "Failure isn\u2019t always a teacher.\n\nNot every failure is a lesson to be learned. If something went wrong due to factors beyond your control, don\u2019t overanalyze it. Focus instead on what you can improve: setting clear expectations, choosing better partners, and preparing thoughtfully. But keep trusting, keep building, and keep moving forward.",
        "engagement": 321,
        "line_count": 4,
        "language": "English",
        "tags": [
            "Self Improvement",
            "Motivation"
        ]
    },
    {
        "text": "Building a successful business isn\u2019t just about having a great idea\u2014it\u2019s about mastering the skills that turn ideas into sustainable growth.\n\nHere are the key skills every entrepreneur needs to cultivate:\n\n\u2705 Problem-Solving: \nTackling challenges head-on by identifying core issues and finding solutions.\n\n\u2705 Communication: \nConveying ideas clearly and inspiring your team to work towards a shared vision.\n\n\u2705 Adaptability: \nEmbracing change to stay competitive and drive growth in a dynamic market.\n\n\u2705 Strategic Thinking: \nPlanning with foresight to make well-informed business decisions.\n\n\u2705 Financial Management: \nBudgeting and managing finances to ensure long-term viability.\n\nWhich of these skills do you think is most crucial for a startup's success?",
        "engagement": 142,
        "line_count": 10,
        "language": "English",
        "tags": [
            "Entrepreneurship"
        ]
    },
    {
        "text": "Ever feel like you\u2019re drifting off course?\n\nWhen that happens, here\u2019s what I do:\n\n1\ufe0f\u20e3 Step back and take a moment to realign with core objectives\n2\ufe0f\u20e3 Focus on the bigger picture and long-term vision\n3\ufe0f\u20e3 Recalibrate to bring a fresh perspective and sharpen clarity\n\nSometimes, a strategic pause is the best way to stay on track. How do you regain focus when things feel unsettled?",
        "engagement": 608,
        "line_count": 8,
        "language": "English",
        "tags": [
            "Self Improvement",
            "Entrepreneurship"
        ]
    },
    {
        "text": "Choosing Between Freelance & Job?\n\n\u2705 Follow what pays well and aligns with your WHY.\n\u2705 Freelance if you aim to start your own venture; a job if you're after structured growth.\n\u2705 Avoid fixed-price conflicts; align client success with yours.\n\nThe right path? The one that fuels both purpose and learning.",
        "engagement": 427,
        "line_count": 5,
        "language": "English",
        "tags": [
            "Freelance",
            "Job Search"
        ]
    },
    {
        "text": "Generative AI is the ultimate tool for business expansion.\n\nHere\u2019s how it helps:\n\n1\ufe0f\u20e3. Drives Innovation: \nAI generates new ideas and solutions rapidly.\n\n2\ufe0f\u20e3. Enhances Efficiency: \nAutomates tasks, freeing up valuable resources.\n\n3\ufe0f\u20e3. Personalized Experiences: \nDelivers tailored content to engage customers.\n\n4\ufe0f\u20e3. Informs Decisions: \nProvides insights from large datasets for strategic planning.\n\nAt Devsinc, we help businesses harness the power of AI for growth.\n\nReady to expand your business?",
        "engagement": 71,
        "line_count": 11,
        "language": "English",
        "tags": [
            "Entrepreneurship",
            "Success"
        ]
    },
    {
        "text": "We all wonder about the paths not taken and the lives we didn\u2019t choose. It\u2019s natural to feel a pull toward what might have been, but regret can hold us back from living fully in the life we have now. Instead of looking back, let\u2019s focus on making the most of where we are and where we're headed.\n\nSo... where are you going in life?",
        "engagement": 221,
        "line_count": 4,
        "language": "English",
        "tags": [
            "Motivation",
            "Self Improvement"
        ]
    },
    {
        "text": "Are you building a business to solve a real problem, or just for the title?\n\nSuccess isn't handed out; it's earned. Even in consumer-driven markets like Pakistan, the key is to identify a unique solution and have a strong mission.\nStarting a business is tough, but with passion and perseverance, you can make a difference.\n\nIt's not just about the title; it's about the impact.",
        "engagement": 291,
        "line_count": 5,
        "language": "English",
        "tags": [
            "Entrepreneurship",
            "Business"
        ]
    },
    {
        "text": "Success and Failure are Two Sides of the Same Journey\ud83d\udca1\n\nIf you\u2019re not failing, chances are you\u2019re not progressing. Just like building muscles requires pushing them to their limits, growth demands facing setbacks and crowded paths.\n\nIn today's world, true success lies in finding your 'blue ocean'\u2014a space where your unique value thrives without endless competition. So, embrace the challenges, tackle the chaos, and remember: every new problem is a step closer to your goals.",
        "engagement": 368,
        "line_count": 3,
        "language": "English",
        "tags": [
            "Self Improvement",
            "Motivation"
        ]
    }
]